now,2023-10-11 14:23:30
type,2023-10-11 14:23:32
type,2023-10-11 14:23:34
type,2023-10-11 14:23:36
type,2023-10-11 14:23:38
type,2023-10-11 14:23:40
type,2023-10-11 14:23:42
type,2023-10-11 14:23:44
sum,2023-10-11 14:23:46
pow,2023-10-11 14:23:48
send_back_binary,2023-10-11 14:23:53
inversion,2023-10-11 14:23:56
treshold_image,2023-10-11 14:24:01
flip_vertical,2023-10-11 14:24:07
black_list,2023-10-11 14:24:10
black_list,2023-10-11 14:24:12
ping,2023-10-11 15:13:09
now,2023-10-11 15:13:11
type,2023-10-11 15:13:13
type,2023-10-11 15:13:15
type,2023-10-11 15:13:17
type,2023-10-11 15:13:19
type,2023-10-11 15:13:21
type,2023-10-11 15:13:23
type,2023-10-11 15:13:25
sum,2023-10-11 15:13:27
pow,2023-10-11 15:13:29
ping,2023-10-11 15:24:46
now,2023-10-11 15:24:48
type,2023-10-11 15:24:50
type,2023-10-11 15:24:52
type,2023-10-11 15:24:54
type,2023-10-11 15:24:56
type,2023-10-11 15:24:58
type,2023-10-11 15:25:00
type,2023-10-11 15:25:02
sum,2023-10-11 15:25:04
pow,2023-10-11 15:25:06
ping,2023-10-11 15:37:06
now,2023-10-11 15:37:08
type,2023-10-11 15:37:10
type,2023-10-11 15:37:12
type,2023-10-11 15:37:14
type,2023-10-11 15:37:16
type,2023-10-11 15:37:18
type,2023-10-11 15:37:20
type,2023-10-11 15:37:22
sum,2023-10-11 15:37:24
pow,2023-10-11 15:37:27
ping,2023-10-11 17:12:34
now,2023-10-11 17:12:37
type,2023-10-11 17:12:39
type,2023-10-11 17:12:41
type,2023-10-11 17:12:43
type,2023-10-11 17:12:45
type,2023-10-11 17:12:47
type,2023-10-11 17:12:49
type,2023-10-11 17:12:51
sum,2023-10-11 17:12:53
pow,2023-10-11 17:12:55
send_back_binary,2023-10-11 17:13:00
inversion,2023-10-11 17:13:03
treshold_image,2023-10-11 17:13:11
flip_vertical,2023-10-11 17:13:22
black_list,2023-10-11 17:13:25
black_list,2023-10-11 17:13:28
ping,2023-10-11 17:49:22
now,2023-10-11 17:49:24
type,2023-10-11 17:49:26
type,2023-10-11 17:49:28
type,2023-10-11 17:49:30
type,2023-10-11 17:49:32
type,2023-10-11 17:49:34
type,2023-10-11 17:49:37
type,2023-10-11 17:49:39
sum,2023-10-11 17:49:41
pow,2023-10-11 17:49:43
black_list,2023-10-11 17:50:02
black_list,2023-10-11 17:50:04
black_list,2023-10-11 17:50:29
black_list,2023-10-11 17:50:31
black_list,2023-10-11 17:50:33
black_list,2023-10-11 17:51:25
black_list,2023-10-11 17:51:27
black_list,2023-10-11 17:51:29
ping,2023-10-24 13:28:59
now,2023-10-24 13:29:01
type,2023-10-24 13:29:03
type,2023-10-24 13:29:06
type,2023-10-24 13:29:08
type,2023-10-24 13:29:10
type,2023-10-24 13:29:12
type,2023-10-24 13:29:15
type,2023-10-24 13:29:17
sum,2023-10-24 13:29:19
pow,2023-10-24 13:29:21
